step,cost,loss,observations,action
7340,10083.27514679257,1012058.125,"tensor([[[ 1.2259,  3.2939,  1.7656, -0.6724]],

        [[ 1.3894,  3.1820,  1.5092, -1.5126]],

        [[ 1.5215,  2.9884,  1.1439, -2.2568]],

        ...,

        [[ 0.8135,  3.3667,  1.1926,  0.8257]],

        [[ 0.9209,  3.3892,  0.9613, -0.3183]],

        [[ 1.0533,  3.3501,  1.6901, -0.4250]]], device='cuda:0')","tensor([[[-0.4045]],

        [[-0.6861]],

        [[ 0.9113]],

        ...,

        [[-0.2860]],

        [[ 1.7175]],

        [[ 0.2317]]], device='cuda:0')"
7340,10083.27514679257,1012015.5,"tensor([[[ 1.2259,  3.2939,  1.7656, -0.6724]],

        [[ 1.3894,  3.1820,  1.5092, -1.5126]],

        [[ 1.5215,  2.9884,  1.1439, -2.2568]],

        ...,

        [[ 0.8135,  3.3667,  1.1926,  0.8257]],

        [[ 0.9209,  3.3892,  0.9613, -0.3183]],

        [[ 1.0533,  3.3501,  1.6901, -0.4250]]], device='cuda:0')","tensor([[[-0.4045]],

        [[-0.6861]],

        [[ 0.9113]],

        ...,

        [[-0.2860]],

        [[ 1.7175]],

        [[ 0.2317]]], device='cuda:0')"
14361,10239.643568804488,984171.125,"tensor([[[ 3.9596,  3.2038,  2.3462,  0.0948]],

        [[ 4.1513,  3.1068,  1.4917, -1.9862]],

        [[ 4.2910,  2.8981,  1.3154, -2.0821]],

        ...,

        [[ 3.4179,  3.0134,  1.8812,  1.2828]],

        [[ 3.5925,  3.1200,  1.6052,  0.7950]],

        [[ 3.7580,  3.1840,  1.6893,  0.3340]]], device='cuda:0')","tensor([[[-1.5163]],

        [[-0.4012]],

        [[-0.9135]],

        ...,

        [[-0.5335]],

        [[ 0.2997]],

        [[ 1.5804]]], device='cuda:0')"
21726,10926.084742782312,840166.1875,"tensor([[[ 1.6709e+00,  3.2013e+00,  1.8656e+00, -7.2814e-04]],

        [[ 1.8558e+00,  3.1906e+00,  1.8337e+00, -2.0852e-01]],

        [[ 2.0075e+00,  3.0918e+00,  1.2053e+00, -1.7160e+00]],

        ...,

        [[ 1.1128e+00,  3.0673e+00,  1.8581e+00,  6.4851e-01]],

        [[ 1.3005e+00,  3.1420e+00,  1.8911e+00,  8.1024e-01]],

        [[ 1.4862e+00,  3.1911e+00,  1.8312e+00,  2.4336e-01]]],
       device='cuda:0')","tensor([[[-0.0272]],

        [[-1.1202]],

        [[ 1.0854]],

        ...,

        [[ 0.0398]],

        [[-0.0112]],

        [[ 0.1350]]], device='cuda:0')"
28657,4814.67777937193,968937.1875,"tensor([[[ 2.2723,  2.9539,  0.7217,  3.2570]],

        [[ 2.3102,  3.2094,  0.0179,  1.7022]],

        [[ 2.3079,  3.3058, -0.0447,  0.4092]],

        ...,

        [[ 2.1477,  2.5911,  0.4335, -0.5330]],

        [[ 2.1740,  2.5654,  0.0928,  0.0283]],

        [[ 2.2071,  2.6765,  0.5724,  2.1748]]], device='cuda:0')","tensor([[[-1.2956]],

        [[ 0.1468]],

        [[-0.4018]],

        ...,

        [[-0.8996]],

        [[ 0.6808]],

        [[ 0.0633]]], device='cuda:0')"
36031,5248.8785345825745,985871.9375,"tensor([[[ 0.1320,  2.8445, -1.0200, -0.8650]],

        [[ 0.0055,  2.7404, -1.5056, -1.1591]],

        [[-0.1438,  2.6754, -1.4783, -0.1180]],

        ...,

        [[ 0.3606,  3.1361,  0.2340,  1.0852]],

        [[ 0.3085,  3.0669, -1.2711, -2.4264]],

        [[ 0.2140,  2.9161, -0.6148, -0.5296]]], device='cuda:0')","tensor([[[-1.0741]],

        [[-0.1539]],

        [[-0.9009]],

        ...,

        [[-2.7069]],

        [[ 1.0952]],

        [[-0.8714]]], device='cuda:0')"
43400,10870.817848267718,874318.5,"tensor([[[-0.2341,  3.1300, -0.0298,  0.2914]],

        [[-0.2191,  3.1654,  0.3300,  0.4211]],

        [[-0.2003,  3.1703,  0.0458, -0.3250]],

        ...,

        [[-0.1362,  3.1021, -0.0256,  1.1886]],

        [[-0.1458,  3.1882, -0.1745,  0.4538]],

        [[-0.1944,  3.1547, -0.7956, -1.1066]]], device='cuda:0')","tensor([[[ 0.8070]],

        [[-0.4919]],

        [[ 0.7955]],

        ...,

        [[-0.1800]],

        [[-1.0911]],

        [[ 1.4637]]], device='cuda:0')"
49719,7602.138745159351,983619.375,"tensor([[[-2.4672,  3.5929, -2.5767, -0.0846]],

        [[-2.7345,  3.5150, -2.7691, -1.4475]],

        [[-2.9984,  3.3625, -2.5020, -1.5270]],

        ...,

        [[-1.7284,  2.5430, -2.5934,  5.2907]],

        [[-1.9581,  3.1799, -2.1788,  5.8261]],

        [[-2.2035,  3.5270, -2.6691,  1.6850]]], device='cuda:0')","tensor([[[-0.1604]],

        [[ 0.6529]],

        [[ 0.1758]],

        ...,

        [[ 0.6343]],

        [[-0.1845]],

        [[ 0.5855]]], device='cuda:0')"
56882,10876.443757497602,1065396.875,"tensor([[[-0.5546,  3.1520, -1.0374, -2.1382]],

        [[-0.6559,  2.9507, -0.9775, -1.7880]],

        [[-0.7704,  2.7626, -1.3023, -1.8784]],

        ...,

        [[-0.4026,  3.2473, -0.0403,  2.0259]],

        [[-0.4177,  3.3591, -0.2390,  0.4364]],

        [[-0.4660,  3.3215, -0.7264, -1.1716]]], device='cuda:0')","tensor([[[ 0.0527]],

        [[-0.7569]],

        [[ 0.0125]],

        ...,

        [[-0.1030]],

        [[-0.7763]],

        [[-0.5000]]], device='cuda:0')"
64286,6953.200263835855,927555.1875,"tensor([[[ 4.1619,  3.5727,  2.6207, -1.0219]],

        [[ 4.4016,  3.3788,  2.1752, -2.7939]],

        [[ 4.6562,  3.1677,  2.9246, -1.3843]],

        ...,

        [[ 3.3437,  3.0075,  2.9222,  6.5452]],

        [[ 3.6287,  3.4988,  2.6907,  2.4993]],

        [[ 3.8962,  3.6164,  2.6968,  0.2029]]], device='cuda:0')","tensor([[[-0.6319]],

        [[ 1.4406]],

        [[-0.4787]],

        ...,

        [[ 0.4283]],

        [[ 0.5029]],

        [[ 0.0735]]], device='cuda:0')"
71690,10842.186902842279,957378.9375,"tensor([[[ 7.9969,  2.9988,  1.6619, -0.1820]],

        [[ 8.1860,  3.0496,  2.1187,  1.1745]],

        [[ 8.3460,  3.0534,  1.0811, -1.0969]],

        ...,

        [[ 7.5426,  3.2435,  1.2840, -1.3630]],

        [[ 7.6842,  3.1313,  1.5556, -0.8245]],

        [[ 7.8379,  3.0485,  1.5206, -0.7907]]], device='cuda:0')","tensor([[[ 0.7567]],

        [[-1.9003]],

        [[ 1.2700]],

        ...,

        [[ 0.5111]],

        [[-0.0897]],

        [[ 0.1913]]], device='cuda:0')"
78706,5569.691313019881,1027005.9375,"tensor([[[-0.0227,  2.4208, -3.0555,  5.1120]],

        [[-0.2907,  3.0650, -2.3367,  7.5415]],

        [[-0.5293,  3.6266, -2.5356,  2.7724]],

        ...,

        [[ 1.1750,  2.1478, -4.3222, -2.5317]],

        [[ 0.7482,  2.0015, -4.2254, -0.3881]],

        [[ 0.3344,  2.0757, -4.0438,  1.8734]]], device='cuda:0')","tensor([[[ 0.8397]],

        [[ 0.7329]],

        [[ 0.1942]],

        ...,

        [[-0.0507]],

        [[ 0.1802]],

        [[ 1.6339]]], device='cuda:0')"
85633,9264.193741688796,1113239.625,"tensor([[[-9.0287,  2.8050, -2.6041,  1.1316]],

        [[-9.2330,  3.0758, -1.4869,  4.1938]],

        [[-9.3710,  3.3990, -1.3374,  1.6279]],

        ...,

        [[-8.2048,  2.9192, -3.1015, -2.2737]],

        [[-8.4804,  2.8015, -2.4113, -0.0477]],

        [[-8.7498,  2.7731, -2.9746, -0.5034]]], device='cuda:0')","tensor([[[ 1.8927]],

        [[ 0.9471]],

        [[ 0.0321]],

        ...,

        [[ 1.1131]],

        [[-1.2127]],

        [[ 0.5136]]], device='cuda:0')"
92841,6633.323417167807,1022006.0625,"tensor([[[ 8.3932,  3.2911,  1.5920, -0.0752]],

        [[ 8.5343,  3.2255,  1.2326, -1.2064]],

        [[ 8.6372,  3.0528,  0.8337, -2.1587]],

        ...,

        [[ 7.8795,  2.9356,  1.7944,  1.4314]],

        [[ 8.0757,  3.1344,  2.1195,  2.4492]],

        [[ 8.2480,  3.2793,  1.3204,  0.3863]]], device='cuda:0')","tensor([[[-0.5806]],

        [[-0.7124]],

        [[-0.8363]],

        ...,

        [[ 0.5186]],

        [[-1.3900]],

        [[ 0.7343]]], device='cuda:0')"
100279,6300.603372409887,1003053.375,"tensor([[[-1.2736,  2.7458,  0.1257,  4.1426]],

        [[-1.2635,  3.1826, -0.0198,  3.7044]],

        [[-1.2750,  3.4026, -0.1735,  1.0580]],

        ...,

        [[-1.1894,  2.3715,  0.4657,  0.2025]],

        [[-1.1877,  2.3949, -0.4333,  0.2503]],

        [[-1.2443,  2.4733, -0.6984,  1.2898]]], device='cuda:0')","tensor([[[-0.3106]],

        [[ 0.2460]],

        [[ 0.7534]],

        ...,

        [[-2.0975]],

        [[-0.8034]],

        [[ 1.2809]]], device='cuda:0')"
107385,4501.0292524109345,992628.3125,"tensor([[[-0.3491,  3.0099, -0.4292,  1.6014]],

        [[-0.3684,  3.2327, -0.0296,  2.1323]],

        [[-0.3690,  3.3537,  0.0414,  0.5164]],

        ...,

        [[-0.1526,  2.8969, -0.6217, -0.3570]],

        [[-0.2108,  2.8986, -0.5427,  0.3895]],

        [[-0.2828,  2.9233, -0.8983,  0.0929]]], device='cuda:0')","tensor([[[ 0.8075]],

        [[ 0.5302]],

        [[-0.6188]],

        ...,

        [[ 0.0198]],

        [[-0.7613]],

        [[ 0.7519]]], device='cuda:0')"
114678,5246.748352310113,949566.625,"tensor([[[-0.3547,  3.2233, -1.3627,  3.3626]],

        [[-0.4630,  3.4226, -0.7701,  0.9550]],

        [[-0.5483,  3.4523, -0.9240, -0.2517]],

        ...,

        [[-0.0251,  2.2458, -0.9680,  1.3321]],

        [[-0.1420,  2.4331, -1.3706,  2.3456]],

        [[-0.2507,  2.7882, -0.7938,  4.6938]]], device='cuda:0')","tensor([[[ 1.9256]],

        [[-0.0964]],

        [[-0.1993]],

        ...,

        [[-1.1498]],

        [[ 0.7484]],

        [[-1.0828]]], device='cuda:0')"
121576,8122.958449639075,1106885.875,"tensor([[[-8.3851,  2.4104, -1.9392, -0.7567]],

        [[-8.5734,  2.4223, -1.8255,  0.9922]],

        [[-8.7906,  2.5310, -2.5222,  1.1239]],

        ...,

        [[-7.8383,  3.0750, -0.9043, -1.0656]],

        [[-7.9834,  2.8549, -1.9779, -3.1916]],

        [[-8.1855,  2.5697, -2.0565, -2.3926]]], device='cuda:0')","tensor([[[-0.0319]],

        [[-1.6582]],

        [[-0.0904]],

        ...,

        [[-2.0427]],

        [[-0.4200]],

        [[-0.0547]]], device='cuda:0')"
128992,12224.832803311403,952279.75,"tensor([[[ 0.4648,  2.8471,  1.0129,  1.7154]],

        [[ 0.5757,  3.0664,  1.1950,  2.5694]],

        [[ 0.6675,  3.2429,  0.6336,  0.8880]],

        ...,

        [[ 0.3645,  3.0680,  0.5243, -0.9050]],

        [[ 0.4047,  2.9611,  0.2856, -1.1783]],

        [[ 0.4164,  2.8299, -0.0447, -1.3776]]], device='cuda:0')","tensor([[[ 0.2152]],

        [[-0.9245]],

        [[-1.1073]],

        ...,

        [[-0.4964]],

        [[-0.7331]],

        [[ 1.7910]]], device='cuda:0')"
135905,7063.447054629573,1094572.625,"tensor([[[ 6.1114,  2.8332,  2.8849, -1.5822]],

        [[ 6.4586,  2.8428,  4.0586,  1.7722]],

        [[ 6.8666,  3.0513,  4.0914,  2.2979]],

        ...,

        [[ 5.1338,  3.1852,  3.4979, -0.6569]],

        [[ 5.4939,  3.1401,  3.7042, -0.2598]],

        [[ 5.8232,  3.0202,  2.8882, -2.0709]]], device='cuda:0')","tensor([[[ 2.0049]],

        [[-0.0581]],

        [[-0.7785]],

        ...,

        [[ 0.3899]],

        [[-1.4905]],

        [[-0.1314]]], device='cuda:0')"
142983,12201.125298331894,988065.5,"tensor([[[-9.3932,  2.1347, -5.2287,  2.8294]],

        [[-9.8830,  2.5560, -4.5355,  5.6157]],

        [[ 0.0000,  3.1416,  0.0000,  0.0000]],

        ...,

        [[-7.8220,  2.2339, -5.1557, -3.3514]],

        [[-8.3275,  2.0084, -4.9739, -1.1494]],

        [[-8.8535,  1.9720, -5.5485,  0.4310]]], device='cuda:0')","tensor([[[ 0.8960]],

        [[ 0.6126]],

        [[ 1.2414]],

        ...,

        [[ 0.0663]],

        [[-1.4835]],

        [[ 0.4390]]], device='cuda:0')"
150564,8753.648565115296,883860.0625,"tensor([[[-0.7920,  3.0602, -1.6330, -4.1178]],

        [[-0.9877,  2.6005, -2.2385, -4.7853]],

        [[-1.1966,  2.2216, -1.9532, -2.7362]],

        ...,

        [[-0.5764,  3.4459,  0.0394,  1.9855]],

        [[-0.5880,  3.5359, -0.2462,  0.0403]],

        [[-0.6547,  3.4055, -1.0911, -2.6172]]], device='cuda:0')","tensor([[[-1.4061]],

        [[ 0.1108]],

        [[ 0.4909]],

        ...,

        [[-0.2438]],

        [[-1.3853]],

        [[-0.9018]]], device='cuda:0')"
158080,4722.691020413561,999710.3125,"tensor([[[ 7.3013,  2.9738,  1.7167, -1.2398]],

        [[ 7.4981,  2.9300,  2.2196,  0.3792]],

        [[ 7.7097,  2.9667,  2.0110,  0.3361]],

        ...,

        [[ 6.6653,  3.1828,  1.9790, -1.2247]],

        [[ 6.8642,  3.0624,  2.0041, -1.1239]],

        [[ 7.0900,  3.0213,  2.5134,  0.3187]]], device='cuda:0')","tensor([[[ 0.8088]],

        [[-0.4756]],

        [[-0.9014]],

        ...,

        [[ 0.0350]],

        [[ 0.8590]],

        [[-1.5036]]], device='cuda:0')"
165449,8401.715611441172,1000244.5625,"tensor([[[-0.2304,  3.4803,  0.2622,  2.5109]],

        [[-0.2109,  3.5998,  0.1637,  0.2270]],

        [[-0.1940,  3.5670,  0.1825, -0.7993]],

        ...,

        [[-0.2299,  2.2041, -0.4913,  1.8323]],

        [[-0.2763,  2.4788, -0.4256,  3.6102]],

        [[-0.2726,  2.9905,  0.4944,  6.5029]]], device='cuda:0')","tensor([[[ 0.2607]],

        [[ 0.2539]],

        [[-0.2723]],

        ...,

        [[-0.2453]],

        [[ 1.3297]],

        [[ 0.4061]]], device='cuda:0')"
172525,4416.476950491149,1019599.875,"tensor([[[ 0.2703,  2.9288,  0.9630,  1.2348]],

        [[ 0.3363,  3.0027,  0.3540,  0.2035]],

        [[ 0.3859,  3.0701,  0.6342,  1.1130]],

        ...,

        [[ 0.1463,  3.1481,  0.5835, -0.7087]],

        [[ 0.1786,  3.0190,  0.0690, -1.8065]],

        [[ 0.2020,  2.8963,  0.4025, -0.5972]]], device='cuda:0')","tensor([[[-1.1878]],

        [[ 0.4457]],

        [[ 0.0494]],

        ...,

        [[-0.9504]],

        [[ 0.5008]],

        [[ 0.8989]]], device='cuda:0')"
179231,6802.267484341936,928431.0625,"tensor([[[-4.2612,  2.8035, -1.3052, -0.3276]],

        [[-4.3533,  2.8932, -0.5370,  2.0963]],

        [[-4.3619,  3.2251,  0.2469,  3.3544]],

        ...,

        [[-3.8420,  3.1610, -0.6892,  0.2810]],

        [[-3.9431,  3.1115, -1.3299, -1.2449]],

        [[-4.1030,  2.9332, -1.8571, -2.2232]]], device='cuda:0')","tensor([[[ 1.2567]],

        [[ 1.5252]],

        [[ 0.1079]],

        ...,

        [[-1.1444]],

        [[-1.0145]],

        [[ 0.8608]]], device='cuda:0')"
186370,6873.601091434415,1018197.375,"tensor([[[ 9.4943,  3.6308,  3.4995,  0.9748]],

        [[ 9.8548,  3.6444,  3.7308, -0.4556]],

        [[ 1.6021,  2.6891,  0.4799, -0.2701]],

        ...,

        [[ 8.2287,  2.4099,  3.7129,  2.4469]],

        [[ 8.6264,  2.7723,  4.2490,  4.7379]],

        [[ 9.0847,  3.3439,  4.7461,  5.1543]]], device='cuda:0')","tensor([[[ 0.8230]],

        [[-0.1699]],

        [[ 0.0503]],

        ...,

        [[ 0.6592]],

        [[ 1.0113]],

        [[-1.9551]]], device='cuda:0')"
194088,7067.151813447664,955632.9375,"tensor([[[ 1.8355,  3.5353, -0.7159, -1.6387]],

        [[ 1.7653,  3.3368, -0.6799, -2.2399]],

        [[ 1.7334,  3.1789,  0.0411, -0.9576]],

        ...,

        [[ 1.8714,  2.8449, -0.3621,  3.9716]],

        [[ 1.8628,  3.3225,  0.0526,  4.2927]],

        [[ 1.8670,  3.5658,  0.0840,  1.0341]]], device='cuda:0')","tensor([[[ 0.2383]],

        [[ 1.3951]],

        [[-1.1114]],

        ...,

        [[ 0.8672]],

        [[ 0.8118]],

        [[-1.3051]]], device='cuda:0')"
201545,10909.190571007026,1012830.5625,"tensor([[[ 6.5104,  3.0790,  3.4916, -1.8047]],

        [[ 6.8597,  2.9127,  3.5027, -1.4414]],

        [[ 7.2606,  2.9126,  4.5162,  1.4375]],

        ...,

        [[ 5.2561,  3.1220,  3.9863, -0.6480]],

        [[ 5.6700,  3.0969,  4.2925,  0.1567]],

        [[ 6.1109,  3.1436,  4.5026,  0.5488]]], device='cuda:0')","tensor([[[-0.0640]],

        [[ 1.7223]],

        [[-1.1692]],

        ...,

        [[ 0.5299]],

        [[ 0.3996]],

        [[-1.8189]]], device='cuda:0')"
208558,4749.0237437377655,994089.9375,"tensor([[[ 3.8157,  3.0032,  2.6855,  0.3617]],

        [[ 4.0755,  3.0334,  2.5091,  0.2271]],

        [[ 4.3481,  3.1171,  2.9393,  1.4062]],

        ...,

        [[ 3.0339,  3.0980,  2.7209, -0.4073]],

        [[ 3.2889,  3.0242,  2.3826, -1.0303]],

        [[ 3.5446,  2.9781,  2.7344,  0.1282]]], device='cuda:0')","tensor([[[-0.3801]],

        [[ 0.7332]],

        [[-0.7286]],

        ...,

        [[-0.6469]],

        [[ 0.5579]],

        [[-0.1660]]], device='cuda:0')"
215825,11574.594086014467,912430.3125,"tensor([[[ 2.3307,  2.9008,  3.2548,  1.5773]],

        [[ 2.6140,  2.9839,  2.4048,  0.0377]],

        [[ 2.8416,  2.9758,  2.1476, -0.1961]],

        ...,

        [[ 1.4692,  2.9604,  3.0158, -0.6663]],

        [[ 1.7655,  2.9047,  2.9137, -0.4216]],

        [[ 2.0395,  2.8517,  2.5691, -0.6112]]], device='cuda:0')","tensor([[[-1.6373]],

        [[-0.5455]],

        [[-0.6575]],

        ...,

        [[-0.2926]],

        [[-0.7611]],

        [[ 1.1154]]], device='cuda:0')"
222908,5719.223702401479,987257.875,"tensor([[[ 8.0135,  3.2673,  3.3517, -0.1677]],

        [[ 8.3579,  3.2461,  3.5398, -0.2336]],

        [[ 8.7147,  3.2181,  3.5972, -0.3129]],

        ...,

        [[ 7.0441,  3.0918,  3.5179,  2.0996]],

        [[ 7.3785,  3.2387,  3.1627,  0.7514]],

        [[ 7.6911,  3.2746,  3.0991,  0.0661]]], device='cuda:0')","tensor([[[ 0.4519]],

        [[ 0.1515]],

        [[ 1.3616]],

        ...,

        [[-0.5201]],

        [[ 0.0063]],

        [[ 0.6393]]], device='cuda:0')"
230010,8254.258186025305,980356.0625,"tensor([[[-3.3961e-01,  2.4245e+00, -1.0138e+00, -1.1369e+00]],

        [[-3.8854e-01,  2.4795e+00,  4.1590e-02,  2.2467e+00]],

        [[-3.6718e-01,  2.8002e+00,  3.8659e-01,  4.0807e+00]],

        ...,

        [[-1.5265e-03,  3.2064e+00, -8.8037e-02, -6.3924e-01]],

        [[-5.6056e-02,  3.0321e+00, -9.9206e-01, -2.7531e+00]],

        [[-1.9851e-01,  2.6823e+00, -1.8244e+00, -4.0136e+00]]],
       device='cuda:0')","tensor([[[ 1.8583]],

        [[ 0.3335]],

        [[ 1.0139]],

        ...,

        [[-1.6265]],

        [[-1.7381]],

        [[ 1.2647]]], device='cuda:0')"
237124,6745.972845831549,951594.5,"tensor([[[ 3.4585,  3.0345,  1.1949,  0.9640]],

        [[ 3.5716,  3.1244,  1.0628,  0.7900]],

        [[ 3.6500,  3.1378,  0.5044, -0.5271]],

        ...,

        [[ 3.0526,  2.8665,  0.4624, -2.4858]],

        [[ 3.1519,  2.7733,  1.5220,  0.6362]],

        [[ 3.3133,  2.8950,  1.7015,  1.7507]]], device='cuda:0')","tensor([[[-0.2688]],

        [[-1.0001]],

        [[-0.2493]],

        ...,

        [[ 1.7881]],

        [[ 0.1678]],

        [[-1.0100]]], device='cuda:0')"
243751,8153.404608625805,1045140.1875,"tensor([[[-3.2756,  2.6813, -1.9143, -0.4516]],

        [[-3.4768,  2.6676, -2.1106,  0.1827]],

        [[-3.7038,  2.7040, -2.4293,  0.5279]],

        ...,

        [[-2.6826,  3.1702, -1.8277, -1.7768]],

        [[-2.8636,  3.0002, -1.7825, -1.5401]],

        [[-3.0666,  2.8119, -2.2656, -2.1218]]], device='cuda:0')","tensor([[[-0.5844]],

        [[-0.8118]],

        [[ 1.6167]],

        ...,

        [[ 0.0484]],

        [[-1.0134]],

        [[ 0.4543]]], device='cuda:0')"
250740,5682.409978510404,1085007.125,"tensor([[[ 8.5446e-03,  3.1470e+00,  2.7619e-01,  2.9274e-01]],

        [[ 3.3533e-02,  3.1640e+00,  2.2592e-01,  7.0612e-02]],

        [[ 5.7676e-02,  3.1663e+00,  2.5825e-01, -1.0947e-02]],

        ...,

        [[-9.9886e+00,  3.2561e+00, -4.9725e+00, -1.8752e+00]],

        [[ 0.0000e+00,  3.1416e+00,  0.0000e+00,  0.0000e+00]],

        [[-2.8383e-03,  3.1349e+00, -5.6430e-02, -1.3120e-01]]],
       device='cuda:0')","tensor([[[-0.0666]],

        [[ 0.0935]],

        [[-0.0810]],

        ...,

        [[-0.7353]],

        [[-0.1015]],

        [[ 0.6772]]], device='cuda:0')"
258261,6847.453223980741,994758.0,"tensor([[[-6.2326,  2.4996, -1.6907, -3.5314]],

        [[-6.3837,  2.2552, -1.3465, -1.3367]],

        [[-6.5220,  2.2077, -1.4216,  0.3951]],

        ...,

        [[-5.9454,  3.3856, -0.6536, -2.2930]],

        [[-6.0071,  3.1458, -0.5672, -2.3813]],

        [[-6.0917,  2.8524, -1.1025, -3.3198]]], device='cuda:0')","tensor([[[ 0.3518]],

        [[-0.4187]],

        [[ 0.4120]],

        ...,

        [[ 0.2365]],

        [[-1.0624]],

        [[-1.4462]]], device='cuda:0')"
265623,7398.955078184341,1002686.4375,"tensor([[[ 0.0000,  3.1416,  0.0000,  0.0000]],

        [[-0.0518,  3.0220, -1.0283, -2.3226]],

        [[-0.1299,  2.8680, -0.5288, -0.6988]],

        ...,

        [[-2.4907,  3.2628, -3.5352,  0.0288]],

        [[-2.8269,  3.2548, -3.1841, -0.1514]],

        [[-3.1802,  3.1473, -3.8770, -1.9488]]], device='cuda:0')","tensor([[[-1.8685]],

        [[ 0.7916]],

        [[-1.3655]],

        ...,

        [[ 0.8564]],

        [[-1.2040]],

        [[-0.2036]]], device='cuda:0')"
272832,10650.983959560223,1014014.0625,"tensor([[[-4.2026,  2.9268, -2.5117,  0.3092]],

        [[-4.4151,  3.0680, -1.7437,  2.4564]],

        [[-4.6039,  3.2456, -2.0483,  0.9266]],

        ...,

        [[-3.4560,  2.9968, -2.0133,  0.3946]],

        [[-3.6714,  3.0186, -2.2965,  0.0315]],

        [[-3.9317,  2.9654, -2.9053, -1.0659]]], device='cuda:0')","tensor([[[ 1.2997]],

        [[-0.3615]],

        [[-0.9472]],

        ...,

        [[-0.5770]],

        [[-1.1703]],

        [[ 0.6091]]], device='cuda:0')"
280185,10104.867070952847,1058166.0,"tensor([[[-6.8173,  3.1562, -2.2421,  0.5463]],

        [[-7.0051,  3.1919, -1.5094,  0.2111]],

        [[-7.1784,  3.1548, -1.9556, -0.9354]],

        ...,

        [[-5.9639,  3.2228, -3.0848, -0.5571]],

        [[-6.2666,  3.1732, -2.9664, -0.4100]],

        [[-6.5605,  3.1363, -2.9098, -0.3094]]], device='cuda:0')","tensor([[[ 1.7784]],

        [[-0.7781]],

        [[-0.3678]],

        ...,

        [[ 0.2425]],

        [[ 0.1087]],

        [[ 1.3585]]], device='cuda:0')"
287170,10537.668870987174,1065854.25,"tensor([[[ 0.1164,  2.7706, -1.7706,  2.4294]],

        [[-0.0382,  3.0952, -1.3358,  3.9210]],

        [[-0.1748,  3.3865, -1.4419,  1.4468]],

        ...,

        [[ 0.7910,  2.8038, -2.2919, -1.6600]],

        [[ 0.5619,  2.6813, -2.2870, -0.7417]],

        [[ 0.3263,  2.6458, -2.4240,  0.0436]]], device='cuda:0')","tensor([[[ 0.6371]],

        [[ 0.3279]],

        [[ 0.5933]],

        ...,

        [[-0.1924]],

        [[-0.4771]],

        [[ 1.0157]]], device='cuda:0')"
294377,6652.435647921836,1058934.375,"tensor([[[-8.7224,  2.0427, -4.0337,  0.2903]],

        [[-9.1269,  2.1715, -4.0485,  2.2721]],

        [[-9.5246,  2.4980, -3.8905,  4.2078]],

        ...,

        [[-7.5042,  2.8212, -4.2186, -5.1234]],

        [[-7.9161,  2.3824, -4.0125, -3.5160]],

        [[-8.3186,  2.1163, -4.0486, -1.7570]]], device='cuda:0')","tensor([[[-0.2949]],

        [[-0.1032]],

        [[ 2.4730]],

        ...,

        [[-0.0442]],

        [[-0.4543]],

        [[-0.2014]]], device='cuda:0')"
301364,13255.811716494329,1009044.9375,"tensor([[[-7.6914,  3.1628, -2.8116,  3.6842]],

        [[-8.0271,  3.3731, -3.8868,  0.6666]],

        [[-8.4159,  3.3915, -3.8762, -0.1722]],

        ...,

        [[-6.8534,  2.2393, -2.5435,  1.3380]],

        [[-7.1239,  2.4341, -2.8647,  2.4917]],

        [[-7.4114,  2.7473, -2.8891,  3.6601]]], device='cuda:0')","tensor([[[-1.8152]],

        [[ 0.2088]],

        [[-2.2811]],

        ...,

        [[-0.9870]],

        [[-0.3922]],

        [[ 0.1111]]], device='cuda:0')"
308829,11691.67005384837,921183.3125,"tensor([[[ 0.0091,  3.1029, -0.4659, -1.5204]],

        [[-0.0696,  2.8875, -1.0921, -2.6659]],

        [[-0.1729,  2.6718, -0.9687, -1.5650]],

        ...,

        [[ 1.8182,  2.5325, -0.5215, -2.0086]],

        [[ 0.0000,  3.1416,  0.0000,  0.0000]],

        [[ 0.0165,  3.1631,  0.3214,  0.3486]]], device='cuda:0')","tensor([[[-1.2151]],

        [[ 0.0191]],

        [[-0.1999]],

        ...,

        [[ 2.7758]],

        [[ 0.6681]],

        [[-1.4076]]], device='cuda:0')"
315920,4989.5704314552395,1014873.8125,"tensor([[[ 0.8504,  3.1604,  1.8348, -0.0322]],

        [[ 1.0446,  3.1578,  2.0493, -0.0203]],

        [[ 1.2462,  3.1462,  1.9834, -0.2065]],

        ...,

        [[ 0.3862,  3.1794,  1.3539, -0.0787]],

        [[ 0.5273,  3.1716,  1.4681, -0.0737]],

        [[ 0.6797,  3.1649,  1.5795, -0.0601]]], device='cuda:0')","tensor([[[ 0.4957]],

        [[-0.1111]],

        [[-0.5676]],

        ...,

        [[ 0.2641]],

        [[ 0.2558]],

        [[ 0.5870]]], device='cuda:0')"
322895,10980.605944470992,1036396.8125,"tensor([[[-4.5157,  3.1230, -2.9329, -0.2767]],

        [[-4.8086,  3.0992, -2.9245, -0.1887]],

        [[-5.1249,  3.0307, -3.3981, -1.1444]],

        ...,

        [[-3.5799,  3.2631, -2.6249,  1.1096]],

        [[-3.8735,  3.2848, -3.2488, -0.6821]],

        [[-4.2025,  3.1935, -3.3268, -1.1006]]], device='cuda:0')","tensor([[[-2.4976e-04]],

        [[-8.8615e-01]],

        [[ 2.7474e-01]],

        ...,

        [[-1.0488e+00]],

        [[-8.5577e-02]],

        [[ 7.2947e-01]]], device='cuda:0')"
329813,6943.456242650389,960985.4375,"tensor([[[-0.4067,  2.3700, -1.7731, -0.6935]],

        [[-0.6121,  2.3358, -2.3340,  0.0239]],

        [[-0.8263,  2.4516, -1.9422,  2.2842]],

        ...,

        [[-0.0595,  2.8609, -0.6786, -2.2512]],

        [[-0.1407,  2.6464, -0.9358, -1.9374]],

        [[-0.2529,  2.4763, -1.3028, -1.3887]]], device='cuda:0')","tensor([[[-1.4194]],

        [[ 0.5161]],

        [[-1.0384]],

        ...,

        [[-0.7012]],

        [[-0.9911]],

        [[-1.2274]]], device='cuda:0')"
336692,8851.792718396606,937713.5625,"tensor([[[ 9.8895e-02,  3.1229e+00,  3.0053e-01,  1.0162e-01]],

        [[ 7.9421e-02,  3.0206e+00, -6.8319e-01, -2.0902e+00]],

        [[-1.0275e-03,  2.8055e+00, -9.1401e-01, -2.1006e+00]],

        ...,

        [[ 3.6735e-02,  3.1636e+00,  5.0687e-02, -3.7752e-01]],

        [[ 5.1594e-02,  3.1397e+00,  2.4940e-01, -7.1812e-02]],

        [[ 7.3954e-02,  3.1269e+00,  1.9844e-01, -1.7825e-01]]],
       device='cuda:0')","tensor([[[-1.7943]],

        [[-0.5569]],

        [[-1.3903]],

        ...,

        [[ 0.3927]],

        [[-0.0944]],

        [[ 0.1740]]], device='cuda:0')"
344048,13451.60493054383,1022097.0,"tensor([[[-0.2379,  2.9446, -0.9482, -2.1351]],

        [[-0.3909,  2.6325, -2.0789, -3.8766]],

        [[-0.5737,  2.3596, -1.5887, -1.5541]],

        ...,

        [[-0.0911,  3.2915, -0.2210, -0.2288]],

        [[-0.1169,  3.2440, -0.2927, -0.6986]],

        [[-0.1609,  3.1313, -0.5811, -1.4999]]], device='cuda:0')","tensor([[[-2.3341]],

        [[ 0.6236]],

        [[ 0.3279]],

        ...,

        [[-0.0609]],

        [[-0.4882]],

        [[-0.7187]]], device='cuda:0')"
351196,10986.226376010938,950141.3125,"tensor([[[ 7.5280e+00,  3.1073e+00,  6.4026e-01,  2.4744e+00]],

        [[ 0.0000e+00,  3.1416e+00,  0.0000e+00,  0.0000e+00]],

        [[ 4.1227e-03,  3.1469e+00,  8.0483e-02,  8.5967e-02]],

        ...,

        [[ 7.2583e+00,  2.4837e+00,  7.0766e-01, -2.2370e-02]],

        [[ 7.3375e+00,  2.5663e+00,  8.7725e-01,  1.6557e+00]],

        [[ 7.4382e+00,  2.8141e+00,  1.1355e+00,  3.2236e+00]]],
       device='cuda:0')","tensor([[[-0.1349]],

        [[ 0.1676]],

        [[-0.8724]],

        ...,

        [[ 0.0762]],

        [[ 0.2244]],

        [[-1.0193]]], device='cuda:0')"
358359,10489.14614671525,1025399.0625,"tensor([[[ 0.0000,  3.1416,  0.0000,  0.0000]],

        [[ 0.0107,  3.1555,  0.2083,  0.2254]],

        [[ 0.0650,  3.1715,  0.8797,  0.1081]],

        ...,

        [[-9.2699,  3.3659, -2.1980, -0.0277]],

        [[-9.5231,  3.2623, -2.8651, -2.0022]],

        [[-9.8125,  3.0496, -2.9096, -2.1460]]], device='cuda:0')","tensor([[[ 0.4332]],

        [[ 1.5864]],

        [[ 0.8377]],

        ...,

        [[-1.1075]],

        [[-0.0696]],

        [[-0.0296]]], device='cuda:0')"
365382,4552.896253608002,994019.0,"tensor([[[-0.1299,  2.9114,  0.2631, -1.9243]],

        [[-0.1111,  2.7351,  0.1196, -1.5197]],

        [[-0.1091,  2.6124, -0.0765, -0.8837]],

        ...,

        [[-0.3243,  3.2684,  0.9736, -0.1753]],

        [[-0.2264,  3.2382,  0.9853, -0.4132]],

        [[-0.1600,  3.1136,  0.3493, -2.0181]]], device='cuda:0')","tensor([[[-0.4413]],

        [[-0.5988]],

        [[-1.3263]],

        ...,

        [[ 0.0808]],

        [[-1.1151]],

        [[-0.2326]]], device='cuda:0')"
372321,8631.079748887136,997775.8125,"tensor([[[-0.4803,  3.5999,  0.3634, -0.1358]],

        [[-0.4676,  3.4870, -0.1108, -2.0918]],

        [[-0.5049,  3.1888, -0.6222, -3.7442]],

        ...,

        [[-0.7428,  2.6240,  0.5419,  3.3793]],

        [[-0.6470,  3.0949,  1.3571,  5.8670]],

        [[-0.5370,  3.5140,  0.7924,  2.0478]]], device='cuda:0')","tensor([[[-0.6855]],

        [[-0.7878]],

        [[ 1.0095]],

        ...,

        [[ 1.2338]],

        [[-0.4021]],

        [[-0.5382]]], device='cuda:0')"
379358,9985.985302890158,1077093.25,"tensor([[[-9.5689,  3.1700,  1.4569, -0.1818]],

        [[-9.4067,  3.1580,  1.7868, -0.0708]],

        [[-9.2079,  3.1544,  2.1885, -0.0114]],

        ...,

        [[-9.9387,  3.2489,  0.6673, -0.2977]],

        [[-9.8396,  3.2241,  1.3136, -0.2028]],

        [[-9.7079,  3.1959,  1.3216, -0.3482]]], device='cuda:0')","tensor([[[0.7415]],

        [[0.9201]],

        [[1.6667]],

        ...,

        [[1.4806]],

        [[0.0514]],

        [[0.2769]]], device='cuda:0')"
386777,12044.447926113722,955554.9375,"tensor([[[ 2.5801,  2.7226,  2.8628,  2.5949]],

        [[ 2.8522,  2.9875,  2.5636,  2.5656]],

        [[ 3.1229,  3.2333,  2.8282,  2.1377]],

        ...,

        [[ 2.0145,  3.0194,  1.6819, -2.5393]],

        [[ 2.1646,  2.7479,  1.3369, -2.7436]],

        [[ 2.3345,  2.6010,  2.0551, -0.1757]]], device='cuda:0')","tensor([[[-0.7325]],

        [[ 0.7075]],

        [[ 0.8545]],

        ...,

        [[-0.7983]],

        [[ 1.1306]],

        [[ 1.3079]]], device='cuda:0')"
394144,5947.964908620321,972117.3125,"tensor([[[ 2.2178,  3.0541,  1.2441, -2.0719]],

        [[ 2.4170,  3.0353,  2.7389,  1.7005]],

        [[ 2.6832,  3.1929,  2.5611,  1.2117]],

        ...,

        [[ 1.7653,  3.3453,  1.9355,  1.4942]],

        [[ 1.9587,  3.4166,  1.9526,  0.1375]],

        [[ 2.1063,  3.2926,  1.0004, -2.5764]]], device='cuda:0')","tensor([[[ 2.6267]],

        [[-0.3046]],

        [[-0.0445]],

        ...,

        [[ 0.3405]],

        [[-1.6081]],

        [[ 0.4572]]], device='cuda:0')"
400781,10632.554954915806,979090.5625,"tensor([[[-0.7794,  3.0329, -1.2683, -3.2547]],

        [[-0.8791,  2.7928, -0.7209, -1.4575]],

        [[-0.9497,  2.6941, -0.6878, -0.4788]],

        ...,

        [[-0.6064,  3.3899,  0.3492,  1.8732]],

        [[-0.6064,  3.4594, -0.3418, -0.4256]],

        [[-0.6694,  3.3193, -0.9147, -2.3270]]], device='cuda:0')","tensor([[[ 0.8502]],

        [[-0.1351]],

        [[ 1.2024]],

        ...,

        [[-1.1051]],

        [[-0.9054]],

        [[-0.6076]]], device='cuda:0')"
407808,7463.079039200282,993243.0625,"tensor([[[-0.6490,  3.2203,  0.4865, -0.3607]],

        [[-0.5738,  3.1938,  1.0150, -0.1874]],

        [[-0.4910,  3.1268,  0.6458, -1.1190]],

        ...,

        [[-0.6722,  3.3089,  0.0160,  0.3394]],

        [[-0.6707,  3.3135,  0.0192, -0.1805]],

        [[-0.6717,  3.2701, -0.0357, -0.6659]]], device='cuda:0')","tensor([[[ 1.1891]],

        [[-0.6473]],

        [[ 0.6736]],

        ...,

        [[ 0.1233]],

        [[-0.0187]],

        [[ 1.1454]]], device='cuda:0')"
415159,7376.1585567787115,962751.6875,"tensor([[[-5.3608,  2.8105, -3.3397, -2.6259]],

        [[-5.6815,  2.6220, -3.0734, -1.0862]],

        [[-5.9656,  2.6192, -2.6093,  1.0302]],

        ...,

        [[-4.4743,  3.4129, -2.5089, -0.5353]],

        [[-4.7420,  3.2932, -2.8415, -1.8078]],

        [[-5.0389,  3.0730, -3.0835, -2.4867]]], device='cuda:0')","tensor([[[ 0.2707]],

        [[ 0.6639]],

        [[-1.7968]],

        ...,

        [[-0.4857]],

        [[-0.4054]],

        [[-0.5945]]], device='cuda:0')"
422186,10401.85093380952,1045876.3125,"tensor([[[-0.8771,  2.4264, -3.1952, -3.1481]],

        [[-1.1772,  2.2260, -2.8212, -0.8523]],

        [[-1.4639,  2.2266, -2.9126,  0.8642]],

        ...,

        [[-0.1612,  3.2505, -1.8406, -1.9179]],

        [[-0.3517,  3.0387, -1.9582, -2.2095]],

        [[-0.5836,  2.7561, -2.6568, -3.2705]]], device='cuda:0')","tensor([[[ 0.4495]],

        [[-0.4490]],

        [[ 0.3245]],

        ...,

        [[-0.2070]],

        [[-1.4345]],

        [[-1.3987]]], device='cuda:0')"
429486,5418.000532636058,1000610.3125,"tensor([[[-6.2222,  3.1827, -0.2738, -1.6844]],

        [[-6.2295,  3.0623,  0.1344, -0.6663]],

        [[-6.2170,  3.0047,  0.1169, -0.4582]],

        ...,

        [[-6.1852,  3.2929, -0.9343,  0.8308]],

        [[-6.2221,  3.3350,  0.2062,  0.1173]],

        [[-6.2101,  3.3050,  0.0361, -0.7039]]], device='cuda:0')","tensor([[[ 0.7183]],

        [[-0.0881]],

        [[ 0.4918]],

        ...,

        [[ 2.8095]],

        [[-0.2126]],

        [[-0.4967]]], device='cuda:0')"
436989,10057.179790815717,1015390.375,"tensor([[[ 4.0491,  3.1367,  1.9565,  4.6250]],

        [[ 4.2648,  3.4928,  2.2823,  1.7216]],

        [[ 4.4988,  3.5644,  2.4232, -0.0152]],

        ...,

        [[ 3.7565,  2.7144,  0.0501, -2.0948]],

        [[ 3.7753,  2.5871,  0.3247, -0.4188]],

        [[ 3.8706,  2.7309,  1.5913,  3.3015]]], device='cuda:0')","tensor([[[ 1.4547]],

        [[ 0.6963]],

        [[-0.6535]],

        ...,

        [[ 0.2878]],

        [[ 2.1798]],

        [[ 0.4872]]], device='cuda:0')"
444001,5643.148570169461,1048998.0,"tensor([[[ 1.7161,  3.1775, -0.1271, -0.6132]],

        [[ 1.6925,  3.0892, -0.3398, -1.1071]],

        [[ 1.6457,  2.9589, -0.5908, -1.4326]],

        ...,

        [[ 1.5743,  2.9608, -0.0240, -0.8556]],

        [[ 1.6126,  2.9909,  0.7901,  1.4447]],

        [[ 1.6874,  3.1370,  0.6988,  1.4046]]], device='cuda:0')","tensor([[[-0.3829]],

        [[-0.5146]],

        [[ 0.7214]],

        ...,

        [[ 1.3793]],

        [[-0.2067]],

        [[-1.4637]]], device='cuda:0')"
451019,7965.731120562578,963891.0,"tensor([[[ 0.0000e+00,  3.1416e+00,  0.0000e+00,  0.0000e+00]],

        [[ 5.7062e-03,  3.1490e+00,  1.1138e-01,  1.1965e-01]],

        [[-1.0551e-03,  3.1182e+00, -2.4502e-01, -7.1924e-01]],

        ...,

        [[ 7.9512e+00,  3.3202e+00,  2.9024e+00,  3.4926e-01]],

        [[ 8.2533e+00,  3.3256e+00,  3.1490e+00, -1.5363e-01]],

        [[ 8.5685e+00,  3.2906e+00,  3.1557e+00, -5.3097e-01]]],
       device='cuda:0')","tensor([[[ 0.2318]],

        [[-0.6387]],

        [[ 0.0261]],

        ...,

        [[ 0.6846]],

        [[ 0.1001]],

        [[-0.3517]]], device='cuda:0')"
458467,6327.071933258518,1025853.4375,"tensor([[[-5.8225,  2.1552, -2.0297, -0.0679]],

        [[-6.0382,  2.2269, -2.2822,  1.4835]],

        [[-6.2727,  2.4520, -2.4026,  2.9611]],

        ...,

        [[-5.2700,  2.8830, -1.8880, -4.4975]],

        [[-5.4553,  2.4855, -1.8054, -3.2979]],

        [[-5.6331,  2.2389, -1.7607, -1.5856]]], device='cuda:0')","tensor([[[-0.7998]],

        [[-0.5915]],

        [[ 1.3523]],

        ...,

        [[-0.2005]],

        [[-0.2648]],

        [[-0.8386]]], device='cuda:0')"
465691,11902.33654733948,1019936.875,"tensor([[[ 3.2933,  3.3903,  3.6154,  0.7922]],

        [[ 3.6231,  3.3679,  2.9815, -1.2321]],

        [[ 3.9133,  3.2057,  2.8295, -1.9348]],

        ...,

        [[ 2.3904,  2.9435,  1.5916, -1.6662]],

        [[ 2.6079,  2.9361,  2.7566,  1.5176]],

        [[ 2.9327,  3.2171,  3.6282,  2.9754]]], device='cuda:0')","tensor([[[-1.0287]],

        [[-0.1882]],

        [[ 0.5487]],

        ...,

        [[ 2.0031]],

        [[ 1.6909]],

        [[ 0.4660]]], device='cuda:0')"
472710,9763.323268823931,1008935.375,"tensor([[[ 3.3312,  3.3539,  1.2595, -0.5680]],

        [[ 3.4389,  3.2339,  0.8994, -1.7783]],

        [[ 3.5362,  3.0694,  1.0565, -1.4297]],

        ...,

        [[ 3.0613,  3.4236,  0.5806,  0.8345]],

        [[ 3.1275,  3.4482,  0.7587, -0.1748]],

        [[ 3.2167,  3.4098,  1.0326, -0.5150]]], device='cuda:0')","tensor([[[-0.5622]],

        [[ 0.2872]],

        [[-0.2677]],

        ...,

        [[ 0.6326]],

        [[ 0.7110]],

        [[ 0.5404]]], device='cuda:0')"
479513,4835.497211325651,1000702.125,"tensor([[[-0.0251,  3.2091, -0.6511, -1.9697]],

        [[-0.0792,  3.0372, -0.4230, -1.3843]],

        [[-0.1192,  2.9210, -0.3717, -0.8869]],

        ...,

        [[-0.0896,  3.0027,  0.1652,  1.0904]],

        [[-0.0470,  3.1830,  0.6227,  1.8487]],

        [[-0.0045,  3.2891,  0.2414,  0.4052]]], device='cuda:0')","tensor([[[ 0.3972]],

        [[ 0.0038]],

        [[ 0.5430]],

        ...,

        [[ 0.8896]],

        [[-0.5596]],

        [[-1.5400]]], device='cuda:0')"
487097,10693.730754325414,1009581.8125,"tensor([[[-0.7801,  3.3564, -1.0979,  1.4016]],

        [[-0.8854,  3.4215, -0.9880,  0.0998]],

        [[-0.9630,  3.4031, -0.5560, -0.3746]],

        ...,

        [[-0.4676,  2.5567, -1.3434,  1.0577]],

        [[-0.5896,  2.7460, -1.0955,  2.6753]],

        [[-0.6853,  3.0777, -0.8341,  3.8083]]], device='cuda:0')","tensor([[[ 0.5432]],

        [[ 1.1072]],

        [[-0.3514]],

        ...,

        [[ 0.2176]],

        [[ 0.3066]],

        [[-0.0588]]], device='cuda:0')"
494535,6240.039432292602,954520.6875,"tensor([[[-7.9186,  3.5100, -3.1811,  1.0370]],

        [[-8.2720,  3.4936, -3.8872, -1.3613]],

        [[-8.6296,  3.3806, -3.2648, -0.9203]],

        ...,

        [[-6.9163,  2.5072, -3.8644,  1.9495]],

        [[-7.2780,  2.8118, -3.3655,  4.0732]],

        [[-7.5987,  3.2758, -3.1709,  4.0736]]], device='cuda:0')","tensor([[[-1.1344]],

        [[ 1.3594]],

        [[-0.2965]],

        ...,

        [[ 0.6438]],

        [[ 0.4103]],

        [[ 0.6678]]], device='cuda:0')"
501729,4804.612494488492,1041613.375,"tensor([[[ 1.7682,  2.9233,  1.1065, -1.8736]],

        [[ 1.8888,  2.7894,  1.3098, -0.7514]],

        [[ 2.0716,  2.8681,  2.3470,  2.3086]],

        ...,

        [[ 1.3255,  3.2430,  1.7911,  0.2823]],

        [[ 1.5109,  3.2512,  1.9227, -0.0622]],

        [[ 1.6601,  3.1337,  1.0659, -2.2311]]], device='cuda:0')","tensor([[[ 0.2185]],

        [[ 1.7492]],

        [[ 1.1337]],

        ...,

        [[ 0.3831]],

        [[-1.5012]],

        [[ 0.0037]]], device='cuda:0')"
508833,5398.776263293336,947053.375,"tensor([[[-0.1634,  2.8783, -0.8685, -1.0990]],

        [[-0.2603,  2.7796, -1.0654, -0.8289]],

        [[-0.3658,  2.7418, -1.0437,  0.0880]],

        ...,

        [[-0.0078,  3.1373, -0.1335, -0.2222]],

        [[-0.0417,  3.0689, -0.5410, -1.1111]],

        [[-0.0944,  2.9734, -0.5076, -0.7532]]], device='cuda:0')","tensor([[[-0.5221]],

        [[-0.1431]],

        [[ 0.1830]],

        ...,

        [[-0.7467]],

        [[-0.0050]],

        [[-0.7666]]], device='cuda:0')"
515861,7815.68905658713,925800.0625,"tensor([[[-1.9166,  3.4802, -2.3675,  0.0458]],

        [[-2.1502,  3.4498, -2.2979, -0.5897]],

        [[-2.4138,  3.2833, -2.9715, -2.6797]],

        ...,

        [[-1.2311,  2.7299, -2.5078,  2.8850]],

        [[-1.4621,  3.0964, -2.1308,  4.2810]],

        [[-1.6817,  3.4117, -2.3077,  1.5587]]], device='cuda:0')","tensor([[[ 0.2983]],

        [[-1.0933]],

        [[ 0.3523]],

        ...,

        [[ 0.5071]],

        [[ 0.2241]],

        [[ 0.1909]]], device='cuda:0')"
523044,5848.712101945651,993384.0625,"tensor([[[-2.8723,  3.1994,  2.9387,  1.9176]],

        [[-2.5792,  3.3102,  2.9443,  0.4973]],

        [[-2.2639,  3.3266,  3.3707, -0.0763]],

        ...,

        [[-3.5701,  2.9846,  1.5586, -1.6326]],

        [[-3.3695,  2.9464,  2.4550,  0.8805]],

        [[-3.1348,  3.0282,  2.2341,  0.7145]]], device='cuda:0')","tensor([[[ 0.3343]],

        [[ 1.1184]],

        [[ 3.5226]],

        ...,

        [[ 1.5240]],

        [[-0.4785]],

        [[ 1.3654]]], device='cuda:0')"
530301,13309.96625484114,1012813.3125,"tensor([[[ 2.9138,  3.1540,  2.5838, -0.4624]],

        [[ 3.1965,  3.1358,  3.0704,  0.1154]],

        [[ 3.5261,  3.1618,  3.5236,  0.4138]],

        ...,

        [[ 2.3046,  3.2364,  1.8948,  1.0418]],

        [[ 2.5077,  3.2921,  2.1786,  0.1951]],

        [[ 2.7003,  3.2361,  1.6762, -1.2877]]], device='cuda:0')","tensor([[[ 1.0002]],

        [[ 0.9857]],

        [[-0.6421]],

        ...,

        [[ 0.8501]],

        [[-0.8343]],

        [[ 1.9240]]], device='cuda:0')"
537125,5557.908722520018,1001842.3125,"tensor([[[ 0.0318,  3.4366, -0.3761,  0.7643]],

        [[-0.0069,  3.4548, -0.3856, -0.2625]],

        [[-0.0329,  3.4103, -0.1268, -0.5536]],

        ...,

        [[ 0.1059,  2.6907, -0.0893,  2.5959]],

        [[ 0.0671,  2.9257, -0.7041,  1.9660]],

        [[ 0.0451,  3.2493,  0.1440,  3.3026]]], device='cuda:0')","tensor([[[ 0.1997]],

        [[ 0.6655]],

        [[ 0.1508]],

        ...,

        [[-1.3344]],

        [[ 1.6628]],

        [[-0.6334]]], device='cuda:0')"
544434,7733.137779674389,910238.4375,"tensor([[[-5.0309,  1.9876, -2.7086, -0.3455]],

        [[-5.3039,  2.0561, -2.7449,  1.7089]],

        [[-5.5808,  2.3216, -2.7792,  3.5585]],

        ...,

        [[-4.2601,  2.8361, -1.6203, -2.8699]],

        [[-4.4832,  2.4647, -2.8008, -4.2714]],

        [[-4.7593,  2.1268, -2.7353, -2.4289]]], device='cuda:0')","tensor([[[-0.2964]],

        [[-0.4481]],

        [[ 0.1535]],

        ...,

        [[-2.6075]],

        [[-0.3105]],

        [[-0.1962]]], device='cuda:0')"
551855,8279.877705577743,951957.1875,"tensor([[[ 1.1269,  3.3760,  1.1614, -1.8416]],

        [[ 1.2717,  3.2373,  1.7358, -0.9396]],

        [[ 1.4412,  3.1266,  1.6598, -1.2201]],

        ...,

        [[ 0.6486,  3.0888,  1.9435,  4.2976]],

        [[ 0.8228,  3.3963,  1.5068,  1.5228]],

        [[ 0.9830,  3.4655,  1.7180,  0.0825]]], device='cuda:0')","tensor([[[ 1.1415]],

        [[-0.1124]],

        [[-0.8037]],

        ...,

        [[-0.3716]],

        [[ 0.8059]],

        [[-0.8716]]], device='cuda:0')"
558886,10023.228605667195,989121.625,"tensor([[[ 4.5814,  2.3911,  0.2821, -0.4763]],

        [[ 4.6405,  2.4749,  0.9067,  2.1536]],

        [[ 4.7837,  2.8560,  1.9730,  5.4412]],

        ...,

        [[ 4.5238,  3.1108,  0.6500, -2.3544]],

        [[ 4.5644,  2.8319,  0.1808, -3.0676]],

        [[ 4.5699,  2.5439, -0.0587, -2.5599]]], device='cuda:0')","tensor([[[ 0.9902]],

        [[ 1.6821]],

        [[ 0.2167]],

        ...,

        [[-0.9613]],

        [[-0.7386]],

        [[ 0.3924]]], device='cuda:0')"
565661,4071.5137156429164,975312.875,"tensor([[[ 1.5262,  2.9930,  2.4908, -1.1610]],

        [[ 1.8013,  2.9569,  3.0117,  0.4527]],

        [[ 2.1005,  3.0166,  2.9699,  0.7121]],

        ...,

        [[ 0.6915,  3.1263,  2.6079, -0.1463]],

        [[ 0.9910,  3.1665,  3.3626,  0.7592]],

        [[ 1.2805,  3.1289,  2.4301, -1.4914]]], device='cuda:0')","tensor([[[ 0.8507]],

        [[-0.1563]],

        [[-0.6964]],

        ...,

        [[ 1.5496]],

        [[-1.6589]],

        [[ 0.0636]]], device='cuda:0')"
573083,7437.10450166686,1016309.0,"tensor([[[-2.9046,  3.3138, -1.9260,  0.2857]],

        [[-3.0931,  3.3152, -1.8368, -0.1771]],

        [[-3.2358,  3.2923, -1.0131, -0.2553]],

        ...,

        [[-2.2753,  2.7429, -2.3226,  1.6116]],

        [[-2.4825,  2.9966, -1.8281,  3.3690]],

        [[-2.6902,  3.2409, -2.3472,  1.3205]]], device='cuda:0')","tensor([[[ 0.3102]],

        [[ 1.9315]],

        [[ 0.4880]],

        ...,

        [[ 0.7315]],

        [[-0.7475]],

        [[ 1.2119]]], device='cuda:0')"
580371,11716.117724509928,884918.9375,"tensor([[[ 3.8198,  3.1689, -1.3854,  3.2988]],

        [[ 3.6591,  3.3642, -1.7953,  0.9322]],

        [[ 3.4716,  3.3984, -1.9444, -0.1457]],

        ...,

        [[ 4.1401,  2.1928, -0.2057,  2.5602]],

        [[ 4.0703,  2.4602, -1.2020,  2.6249]],

        [[ 3.9477,  2.7811, -1.2573,  3.6684]]], device='cuda:0')","tensor([[[-0.4142]],

        [[-0.1092]],

        [[-1.7765]],

        ...,

        [[-2.4388]],

        [[-0.4433]],

        [[-0.2672]]], device='cuda:0')"
587555,11140.193887762885,1043993.875,"tensor([[[-1.1991,  3.4115, -0.6268, -1.5369]],

        [[-1.2409,  3.2803, -0.2006, -1.0189]],

        [[-1.2675,  3.1515, -0.3254, -1.4947]],

        ...,

        [[-1.0255,  3.4152, -0.4557,  2.4468]],

        [[-1.0826,  3.5364, -0.6514,  0.3017]],

        [[-1.1417,  3.5177, -0.5194, -0.5457]]], device='cuda:0')","tensor([[[ 0.8837]],

        [[-0.1802]],

        [[ 0.4204]],

        ...,

        [[ 0.0147]],

        [[ 0.4844]],

        [[-0.0297]]], device='cuda:0')"
594534,12047.542897359219,1040796.0625,"tensor([[[-9.6225,  2.6367, -4.2921,  1.4914]],

        [[ 0.0000,  3.1416,  0.0000,  0.0000]],

        [[-0.0739,  2.9713, -1.4636, -3.2978]],

        ...,

        [[-8.2408,  2.9060, -4.8876, -2.9503]],

        [[-8.7242,  2.6596, -4.7746, -1.8800]],

        [[-9.1853,  2.5629, -4.4499, -0.0344]]], device='cuda:0')","tensor([[[-0.0904]],

        [[-2.6671]],

        [[-0.8757]],

        ...,

        [[-0.0094]],

        [[ 0.3847]],

        [[ 0.0653]]], device='cuda:0')"
601359,9308.73630476254,1017805.1875,"tensor([[[-5.4555,  3.3669, -1.5970, -0.5941]],

        [[-5.6078,  3.3010, -1.4456, -0.6913]],

        [[-5.7805,  3.1520, -2.0019, -2.2189]],

        ...,

        [[-4.9174,  3.1289, -1.8598,  3.0590]],

        [[-5.1136,  3.3481, -2.0905,  1.0603]],

        [[-5.2972,  3.3955, -1.5668,  0.0446]]], device='cuda:0')","tensor([[[ 0.3752]],

        [[-0.9457]],

        [[ 0.7667]],

        ...,

        [[-0.0769]],

        [[ 1.4414]],

        [[ 0.0705]]], device='cuda:0')"
608589,4946.464386382086,979371.0,"tensor([[[-0.7114,  3.4096, -0.7379,  1.7600]],

        [[-0.7789,  3.4916, -0.5881,  0.1289]],

        [[-0.8263,  3.4672, -0.3488, -0.4937]],

        ...,

        [[-0.5253,  2.4673, -1.4750,  0.2594]],

        [[-0.6300,  2.6426, -0.6069,  3.2493]],

        [[-0.6679,  3.0589, -0.1689,  4.9053]]], device='cuda:0')","tensor([[[ 0.7043]],

        [[ 0.6892]],

        [[ 1.5615]],

        ...,

        [[ 1.4189]],

        [[ 0.5576]],

        [[-0.5922]]], device='cuda:0')"
615807,6978.591915705368,981873.875,"tensor([[[ 0.0972,  3.4864,  0.7131, -0.2593]],

        [[ 0.2151,  3.4426,  1.6511, -0.5442]],

        [[ 0.3768,  3.3490,  1.5873, -1.2856]],

        ...,

        [[-0.0701,  2.8907,  0.3134,  4.1523]],

        [[-0.0219,  3.2803,  0.6137,  3.3260]],

        [[ 0.0346,  3.4685,  0.5551,  0.7961]]], device='cuda:0')","tensor([[[2.2418]],

        [[0.0186]],

        [[0.4940]],

        ...,

        [[0.8640]],

        [[0.4366]],

        [[0.5927]]], device='cuda:0')"
622925,12085.896798899448,1062387.75,"tensor([[[-2.8823e-01,  3.0857e+00, -1.6459e+00, -2.2071e+00]],

        [[-4.0532e-01,  2.9884e+00, -6.9293e-01,  2.9818e-01]],

        [[-4.5419e-01,  3.0808e+00, -2.8829e-01,  1.5076e+00]],

        ...,

        [[-6.8614e-02,  3.0671e+00, -3.9118e-01,  9.5379e-01]],

        [[-1.1014e-01,  3.1615e+00, -4.5582e-01,  7.6498e-01]],

        [[-1.6931e-01,  3.1990e+00, -7.2635e-01, -7.7778e-04]]],
       device='cuda:0')","tensor([[[ 1.6504]],

        [[ 0.6670]],

        [[ 0.2523]],

        ...,

        [[-0.1081]],

        [[-0.4557]],

        [[-1.6394]]], device='cuda:0')"
629911,14507.307337375003,961677.8125,"tensor([[[-0.4006,  3.4754, -1.8539, -0.9062]],

        [[-0.6186,  3.2788, -2.5024, -2.9569]],

        [[-0.8643,  2.9893, -2.3936, -2.6828]],

        ...,

        [[-0.0782,  2.7208, -0.9057,  3.5832]],

        [[-0.1604,  3.1303, -0.7654,  4.4023]],

        [[-0.2523,  3.4450, -1.1103,  1.5133]]], device='cuda:0')","tensor([[[-1.0388]],

        [[ 0.1903]],

        [[ 0.5036]],

        ...,

        [[ 0.0703]],

        [[-0.1254]],

        [[-1.2092]]], device='cuda:0')"
636587,5975.951863258939,998953.1875,"tensor([[[-1.5333,  2.8993, -1.1862, -0.2540]],

        [[-1.6462,  2.9146, -1.0722,  0.5533]],

        [[-1.7672,  2.9620, -1.3507,  0.3702]],

        ...,

        [[-1.1481,  3.1880, -0.9201, -0.2139]],

        [[-1.2569,  3.1233, -1.2528, -1.0476]],

        [[-1.3969,  2.9907, -1.5394, -1.5369]]], device='cuda:0')","tensor([[[ 0.0872]],

        [[-0.6074]],

        [[-0.9021]],

        ...,

        [[-0.5849]],

        [[-0.5593]],

        [[ 0.5333]]], device='cuda:0')"
643675,10920.460227601503,1012461.75,"tensor([[[ 1.9175,  2.9973,  1.8352,  1.7096]],

        [[ 2.0921,  3.1573,  1.6333,  1.2546]],

        [[ 2.2559,  3.2320,  1.6557,  0.3620]],

        ...,

        [[ 1.6032,  3.2192,  0.9503, -1.2592]],

        [[ 1.6674,  3.0183,  0.3464, -2.6536]],

        [[ 1.7551,  2.8967,  1.4086,  0.2597]]], device='cuda:0')","tensor([[[-0.3701]],

        [[ 0.2537]],

        [[ 0.4416]],

        ...,

        [[-1.0917]],

        [[ 1.8168]],

        [[ 0.6661]]], device='cuda:0')"
650879,5107.809666200009,963142.1875,"tensor([[[-0.4932,  3.4021, -2.1052, -1.2806]],

        [[-0.7878,  3.0594, -3.7683, -5.4207]],

        [[-1.1477,  2.5841, -3.4071, -3.8847]],

        ...,

        [[ 0.0976,  3.2356, -1.9449,  3.6575]],

        [[-0.0972,  3.4487, -1.9125,  0.9764]],

        [[-0.2907,  3.4784, -1.9427, -0.2158]]], device='cuda:0')","tensor([[[-2.9248]],

        [[ 0.3622]],

        [[ 0.3609]],

        ...,

        [[ 0.6859]],

        [[ 0.1862]],

        [[-0.1443]]], device='cuda:0')"
657815,7779.472509876677,1000423.625,"tensor([[[ 6.4788,  3.2366,  1.0466,  0.3557]],

        [[ 6.5904,  3.2499,  1.1932, -0.0282]],

        [[ 6.7379,  3.2409,  1.7574, -0.1292]],

        ...,

        [[ 6.2513,  2.9380,  0.5936,  0.5765]],

        [[ 6.3164,  3.0293,  0.7060,  1.2075]],

        [[ 6.3901,  3.1650,  0.7369,  1.1892]]], device='cuda:0')","tensor([[[0.4268]],

        [[1.3337]],

        [[0.8880]],

        ...,

        [[0.1176]],

        [[0.0745]],

        [[0.9081]]], device='cuda:0')"
664825,6471.79910920586,995215.0625,"tensor([[[ 7.4158,  2.8488,  3.1269, -2.8712]],

        [[ 7.7966,  2.7518,  4.4862,  0.9383]],

        [[ 8.2873,  2.9766,  5.3257,  3.4932]],

        ...,

        [[ 6.2614,  3.3058,  3.9228, -1.1873]],

        [[ 6.6618,  3.1916,  4.0915, -1.0405]],

        [[ 7.0632,  3.0678,  3.9418, -1.3746]]], device='cuda:0')","tensor([[[ 2.3426]],

        [[ 1.3689]],

        [[-0.9181]],

        ...,

        [[ 0.3621]],

        [[-0.2727]],

        [[-1.5818]]], device='cuda:0')"
671543,8563.779802712605,914030.625,"tensor([[[-3.1408,  3.0617, -1.7915, -1.7960]],

        [[-3.3219,  2.8935, -1.8218, -1.4882]],

        [[-3.4804,  2.8301, -1.3483,  0.2418]],

        ...,

        [[-2.7420,  3.2300, -1.1957,  0.0555]],

        [[-2.8706,  3.2046, -1.3736, -0.5509]],

        [[-2.9950,  3.1666, -1.1187, -0.2458]]], device='cuda:0')","tensor([[[-0.1490]],

        [[ 0.7226]],

        [[ 1.3295]],

        ...,

        [[-0.2767]],

        [[ 0.5236]],

        [[-1.2145]]], device='cuda:0')"
678254,10338.407723876562,1046404.625,"tensor([[[ 0.1679,  2.7670,  0.3765,  1.9784]],

        [[ 0.2343,  3.0622,  0.9406,  3.8075]],

        [[ 0.3565,  3.3705,  1.4252,  1.5812]],

        ...,

        [[ 0.1584,  2.8429, -0.1416, -2.0292]],

        [[ 0.1492,  2.6912, -0.0397, -0.9489]],

        [[ 0.1482,  2.6549,  0.0200,  0.2334]]], device='cuda:0')","tensor([[[ 0.8694]],

        [[ 1.6446]],

        [[ 0.7697]],

        ...,

        [[-0.0084]],

        [[-0.1011]],

        [[ 0.4592]]], device='cuda:0')"
685620,5826.201570647738,907253.9375,"tensor([[[ 3.5560,  3.2673, -0.6465,  0.3256]],

        [[ 3.4512,  3.1924, -1.4466, -1.7901]],

        [[ 3.2611,  2.9098, -2.3343, -3.6961]],

        ...,

        [[ 3.6244,  2.7429,  0.1935,  2.2677]],

        [[ 3.6365,  2.9893,  0.0362,  2.5384]],

        [[ 3.6140,  3.1905, -0.4993,  1.3572]]], device='cuda:0')","tensor([[[-1.3828]],

        [[-1.6532]],

        [[ 0.3349]],

        ...,

        [[-0.4601]],

        [[-0.9833]],

        [[-0.1089]]], device='cuda:0')"
692702,5892.270241023692,963425.8125,"tensor([[[-1.2440,  3.3998, -1.8632,  0.8901]],

        [[-1.4735,  3.3604, -2.7263, -1.6639]],

        [[-1.7250,  3.2237, -2.2961, -1.0039]],

        ...,

        [[-0.6329,  2.6014, -2.0327,  2.3623]],

        [[-0.8485,  2.8622, -2.2903,  2.7261]],

        [[-1.0536,  3.2096, -1.9118,  3.2377]]], device='cuda:0')","tensor([[[-1.4449]],

        [[ 0.8587]],

        [[-1.4068]],

        ...,

        [[-0.7327]],

        [[ 0.7414]],

        [[ 0.6469]]], device='cuda:0')"
699746,11527.659612062773,922833.1875,"tensor([[[ 1.0737,  2.8484,  0.1770,  0.8986]],

        [[ 1.1003,  2.9871,  0.3489,  1.8158]],

        [[ 1.1813,  3.2124,  1.2386,  2.3559]],

        ...,

        [[ 0.9962,  2.8785,  0.0914, -1.6405]],

        [[ 1.0124,  2.7653,  0.2359, -0.5792]],

        [[ 1.0445,  2.7690,  0.4050,  0.6508]]], device='cuda:0')","tensor([[[ 0.1883]],

        [[ 1.9425]],

        [[-0.1103]],

        ...,

        [[ 0.0996]],

        [[ 0.1342]],

        [[-0.5870]]], device='cuda:0')"
707062,9812.11246435474,897082.4375,"tensor([[[-5.3974,  3.3547, -2.9090, -0.5923]],

        [[-5.6958,  3.2565, -3.0554, -1.3249]],

        [[-5.9853,  3.1529, -2.7298, -0.7060]],

        ...,

        [[-4.3821,  3.1466, -3.6140,  3.1822]],

        [[-4.7653,  3.3369, -4.0199,  0.9319]],

        [[-5.1094,  3.3811, -2.8494,  0.0803]]], device='cuda:0')","tensor([[[-0.1737]],

        [[ 0.6188]],

        [[-0.8323]],

        ...,

        [[-0.4324]],

        [[ 2.9087]],

        [[ 0.0099]]], device='cuda:0')"
714320,10505.851260395018,960111.4375,"tensor([[[ 0.2458,  2.7799,  0.0704, -1.9940]],

        [[ 0.2725,  2.6689,  0.4613, -0.1982]],

        [[ 0.3454,  2.7566,  0.9991,  1.9340]],

        ...,

        [[ 0.1583,  3.3719,  0.1388, -2.1568]],

        [[ 0.1971,  3.1951,  0.6480, -1.2849]],

        [[ 0.2359,  3.0054,  0.1391, -2.4086]]], device='cuda:0')","tensor([[[ 0.5267]],

        [[ 0.8051]],

        [[ 0.7884]],

        ...,

        [[ 0.9988]],

        [[-0.9332]],

        [[-0.2772]]], device='cuda:0')"
721603,6939.387367877378,1047365.0625,"tensor([[[ 7.6644,  2.8248,  2.2163, -0.9011]],

        [[ 7.8813,  2.7627,  2.1232, -0.3138]],

        [[ 8.0858,  2.7574,  1.9664,  0.2087]],

        ...,

        [[ 6.9679,  3.2210,  2.3373, -1.4915]],

        [[ 7.2064,  3.0795,  2.4404, -1.2687]],

        [[ 7.4410,  2.9426,  2.2575, -1.4010]]], device='cuda:0')","tensor([[[-0.3439]],

        [[-0.4740]],

        [[ 0.7949]],

        ...,

        [[ 0.1898]],

        [[-0.4007]],

        [[-0.2124]]], device='cuda:0')"
729087,6063.49969000137,1055675.625,"tensor([[[-5.1584,  2.3809, -0.9786,  1.3978]],

        [[-5.2105,  2.6768, -0.0415,  4.5316]],

        [[-5.2043,  3.1865,  0.0371,  4.4896]],

        ...,

        [[-9.1661,  3.5814, -4.4897,  0.5229]],

        [[-9.6282,  3.5541, -4.7485, -1.0327]],

        [[-5.0807,  2.2904, -0.5737,  0.3783]]], device='cuda:0')","tensor([[[ 1.4920]],

        [[ 0.0839]],

        [[-1.1732]],

        ...,

        [[-0.2812]],

        [[ 0.5167]],

        [[-1.1133]]], device='cuda:0')"
736383,5757.9387900138445,1053519.5,"tensor([[[ 7.1716,  2.7224,  2.1136,  2.3585]],

        [[ 7.3804,  2.9899,  2.0481,  2.8627]],

        [[ 7.5535,  3.2091,  1.4002,  1.4083]],

        ...,

        [[ 6.4375,  2.4037,  2.7620, -0.6322]],

        [[ 6.7020,  2.3986,  2.5264,  0.5310]],

        [[ 6.9470,  2.5134,  2.3742,  1.7297]]], device='cuda:0')","tensor([[[-0.3049]],

        [[-1.1831]],

        [[ 0.5009]],

        ...,

        [[-0.7415]],

        [[-0.5816]],

        [[-0.7759]]], device='cuda:0')"
743595,4293.39399927775,963655.75,"tensor([[[ 2.7228,  2.7253,  1.6452, -2.8919]],

        [[ 2.9156,  2.5490,  2.2045, -0.6056]],

        [[ 3.1480,  2.5765,  2.4449,  1.1491]],

        ...,

        [[ 1.9928,  3.1752,  2.8803,  0.0216]],

        [[ 2.2943,  3.1747,  3.1511, -0.0220]],

        [[ 2.5464,  3.0235,  1.9010, -2.9159]]], device='cuda:0')","tensor([[[ 0.8159]],

        [[ 0.2258]],

        [[-0.4652]],

        ...,

        [[ 0.6390]],

        [[-2.2560]],

        [[-0.6510]]], device='cuda:0')"
751095,10354.659101196641,907150.375,"tensor([[[ 0.8049,  2.8673,  0.0993, -1.1502]],

        [[ 0.8340,  2.8291,  0.4816,  0.3981]],

        [[ 0.9145,  2.9739,  1.1278,  2.4478]],

        ...,

        [[ 0.7372,  3.2886,  0.1474, -1.6497]],

        [[ 0.7513,  3.1117,  0.1432, -1.8006]],

        [[ 0.7792,  2.9730,  0.4213, -0.9097]]], device='cuda:0')","tensor([[[ 0.5526]],

        [[ 1.0423]],

        [[ 1.8589]],

        ...,

        [[ 0.0284]],

        [[ 0.4421]],

        [[-0.7005]]], device='cuda:0')"
758367,5235.968303175489,994136.3125,"tensor([[[ 4.8777,  2.3198,  1.7820, -1.4407]],

        [[ 5.0882,  2.3122,  2.4253,  1.2880]],

        [[ 5.3824,  2.6085,  3.4899,  4.6807]],

        ...,

        [[ 4.0939,  2.9033,  3.5440, -1.3921]],

        [[ 4.4084,  2.7078,  2.7608, -2.3962]],

        [[ 4.6675,  2.4895,  2.4274, -1.8711]]], device='cuda:0')","tensor([[[ 1.0765]],

        [[ 1.7602]],

        [[-2.3076]],

        ...,

        [[-1.6338]],

        [[-0.9300]],

        [[-1.6142]]], device='cuda:0')"
766160,10560.733207072086,937071.6875,"tensor([[[-3.1100,  2.9650, -0.9231, -0.2830]],

        [[-3.1948,  2.9745, -0.7734,  0.4679]],

        [[-3.2651,  3.0543, -0.6353,  1.0897]],

        ...,

        [[-2.7976,  3.2240, -0.6989, -0.0158]],

        [[-2.8883,  3.1651, -1.1128, -1.1333]],

        [[-3.0040,  3.0431, -1.1947, -1.2450]]], device='cuda:0')","tensor([[[ 0.1807]],

        [[ 0.1798]],

        [[ 0.5685]],

        ...,

        [[-0.7095]],

        [[-0.1663]],

        [[ 0.4142]]], device='cuda:0')"
773522,10153.914382504116,905646.5625,"tensor([[[-0.1263,  2.9050, -0.7745, -1.1224]],

        [[-0.2110,  2.8072, -0.9157, -0.7891]],

        [[-0.2573,  2.8666, -0.0104,  1.9631]],

        ...,

        [[ 0.0000,  3.1416,  0.0000,  0.0000]],

        [[-0.0225,  3.0895, -0.4480, -1.0155]],

        [[-0.0662,  3.0001, -0.4215, -0.7292]]], device='cuda:0')","tensor([[[-0.4062]],

        [[ 1.5088]],

        [[-0.0098]],

        ...,

        [[-0.8119]],

        [[-0.0046]],

        [[-0.7367]]], device='cuda:0')"
780693,5849.873480457836,994018.6875,"tensor([[[ 5.2325,  3.2572,  2.0311, -1.5818]],

        [[ 5.4352,  3.0909,  2.0314, -1.6608]],

        [[ 5.6370,  2.9338,  2.0129, -1.4060]],

        ...,

        [[ 4.5208,  3.1168,  2.0026,  2.1233]],

        [[ 4.7496,  3.2960,  2.5192,  0.9016]],

        [[ 5.0030,  3.3362,  2.5613,  0.0358]]], device='cuda:0')","tensor([[[ 0.0206]],

        [[-0.1070]],

        [[-0.8295]],

        ...,

        [[ 1.4811]],

        [[ 0.2910]],

        [[-0.8693]]], device='cuda:0')"
788067,7877.209715381202,961918.1875,"tensor([[[-3.4131,  3.1891, -4.1485, -0.7686]],

        [[-3.9068,  2.9281, -5.7032, -4.2840]],

        [[-4.4903,  2.5107, -5.9417, -3.8525]],

        ...,

        [[-2.1621,  3.3177, -4.2326,  0.0121]],

        [[-2.5822,  3.3019, -4.1657, -0.2855]],

        [[-2.9980,  3.2579, -4.1489, -0.5733]]], device='cuda:0')","tensor([[[-2.8401]],

        [[-0.7973]],

        [[ 0.2359]],

        ...,

        [[ 0.2218]],

        [[ 0.1041]],

        [[ 0.0456]]], device='cuda:0')"
795095,10237.753330764677,938504.4375,"tensor([[[-6.0425,  3.3410, -1.1218, -0.3571]],

        [[-6.1777,  3.2317, -1.5794, -1.7813]],

        [[-6.3051,  3.1138, -0.9614, -0.5161]],

        ...,

        [[-5.5485,  3.2121, -2.4774,  2.2537]],

        [[-5.7523,  3.3470, -1.5765,  0.6605]],

        [[-5.9089,  3.3676, -1.5442, -0.1197]]], device='cuda:0')","tensor([[[-0.7417]],

        [[ 1.1518]],

        [[-0.1053]],

        ...,

        [[ 2.4547]],

        [[ 0.2475]],

        [[ 1.0342]]], device='cuda:0')"
802559,9764.721133439944,950472.25,"tensor([[[-4.5369,  3.3568, -2.6557, -0.2341]],

        [[-4.7888,  3.3235, -2.3785, -0.3879]],

        [[-5.0833,  3.1363, -3.5050, -3.2742]],

        ...,

        [[-3.6176,  3.0166, -2.7187,  3.7978]],

        [[-3.9169,  3.2888, -3.2914,  1.4308]],

        [[-4.2430,  3.3620, -3.2130,  0.2129]]], device='cuda:0')","tensor([[[ 0.6786]],

        [[-1.9648]],

        [[-0.6109]],

        ...,

        [[-0.7958]],

        [[ 0.4548]],

        [[ 1.3935]]], device='cuda:0')"
809690,6792.975572130801,960164.875,"tensor([[[ 3.2036,  2.8879,  2.3864,  1.7564]],

        [[ 3.4450,  3.0914,  2.4320,  2.2148]],

        [[ 3.6688,  3.2453,  2.0349,  0.7843]],

        ...,

        [[ 2.6879,  3.0880,  1.6830, -1.3740]],

        [[ 2.8468,  2.9403,  1.5032, -1.5063]],

        [[ 3.0030,  2.8309,  1.6247, -0.6347]]], device='cuda:0')","tensor([[[-0.0096]],

        [[-0.5988]],

        [[-0.6369]],

        ...,

        [[-0.3942]],

        [[ 0.0855]],

        [[ 1.2497]]], device='cuda:0')"
816804,10263.385905461317,949360.6875,"tensor([[[ 1.0317,  3.3567,  0.5647, -0.4615]],

        [[ 1.0669,  3.2397,  0.1431, -1.8263]],

        [[ 1.1002,  3.0966,  0.5302, -0.9657]],

        ...,

        [[ 0.8398,  3.0301, -0.0037,  0.8166]],

        [[ 0.8861,  3.2283,  0.8388,  2.2187]],

        [[ 0.9652,  3.3542,  0.7679,  0.5371]]], device='cuda:0')","tensor([[[-0.6712]],

        [[ 0.7070]],

        [[ 0.6962]],

        ...,

        [[ 1.6418]],

        [[ 0.2155]],

        [[-0.2518]]], device='cuda:0')"
823781,5334.553379629569,953383.5625,"tensor([[[-6.6495,  3.3119, -2.5850,  0.8366]],

        [[-6.8968,  3.3477, -2.3483,  0.0081]],

        [[-7.1248,  3.3292, -2.2065, -0.3112]],

        ...,

        [[-5.9907,  2.8109, -2.7320, -0.3270]],

        [[-6.2435,  2.8606, -2.3242,  1.3031]],

        [[-6.4400,  3.0980, -1.6142,  3.3471]]], device='cuda:0')","tensor([[[ 0.7344]],

        [[ 0.4003]],

        [[ 0.1648]],

        ...,

        [[ 0.5948]],

        [[ 1.1776]],

        [[-1.6862]]], device='cuda:0')"
830897,11705.305997495369,1034053.375,"tensor([[[-2.0931,  2.6575, -0.9242,  2.2752]],

        [[-2.2614,  2.7699, -2.4538, -0.1140]],

        [[-2.5469,  2.7138, -3.2527, -0.9709]],

        ...,

        [[-1.5898,  2.9520, -2.1586, -3.4027]],

        [[-1.7905,  2.6789, -1.8488, -1.9588]],

        [[-1.9647,  2.5614, -1.6381, -0.3614]]], device='cuda:0')","tensor([[[-3.0746]],

        [[-1.6806]],

        [[ 0.1692]],

        ...,

        [[ 0.3607]],

        [[ 0.1619]],

        [[ 1.1357]]], device='cuda:0')"
838251,5078.30411024779,958768.625,"tensor([[[ 8.3662e-02,  3.2215e+00,  7.8627e-01,  2.8475e+00]],

        [[ 1.7196e-01,  3.3878e+00,  1.0093e+00,  7.6709e-01]],

        [[ 2.5959e-01,  3.4007e+00,  7.4753e-01, -4.6669e-01]],

        ...,

        [[ 2.7890e-03,  2.7182e+00, -3.3130e-01, -8.1822e-01]],

        [[ 1.5854e-03,  2.7526e+00,  3.0793e-01,  1.4986e+00]],

        [[ 2.8443e-02,  2.9312e+00,  2.2191e-01,  1.9902e+00]]],
       device='cuda:0')","tensor([[[ 0.9906]],

        [[-0.3386]],

        [[ 0.1665]],

        ...,

        [[ 1.0038]],

        [[-0.3263]],

        [[ 1.1097]]], device='cuda:0')"
845596,6101.8686527236605,874264.625,"tensor([[[ 5.0693,  2.8405,  1.3112, -1.2278]],

        [[ 5.1934,  2.7402,  1.1731, -0.7340]],

        [[ 5.3318,  2.7582,  1.5959,  1.0889]],

        ...,

        [[ 4.6418,  3.2688,  1.9207, -0.1962]],

        [[ 4.8096,  3.1798,  1.4395, -1.5411]],

        [[ 4.9426,  3.0019,  1.2295, -1.9276]]], device='cuda:0')","tensor([[[-0.4333]],

        [[ 0.6018]],

        [[ 0.8923]],

        ...,

        [[-0.8143]],

        [[-0.4043]],

        [[ 0.0235]]], device='cuda:0')"
852965,7322.590469162436,942790.3125,"tensor([[[-1.8413,  3.3777, -3.4392,  0.8449]],

        [[-2.1651,  3.4086, -3.0220, -0.0778]],

        [[-2.5476,  3.1908, -4.6264, -4.2095]],

        ...,

        [[-0.8410,  2.5335, -3.6966,  1.5428]],

        [[-1.1772,  2.8140, -3.0209,  4.0170]],

        [[-1.4963,  3.1982, -3.4304,  3.0486]]], device='cuda:0')","tensor([[[ 1.1720]],

        [[-2.7975]],

        [[-0.4697]],

        ...,

        [[ 0.9973]],

        [[-0.7790]],

        [[ 0.4804]]], device='cuda:0')"
860170,10482.388624091882,927346.875,"tensor([[[-0.6801,  3.4752, -2.1840, -0.4323]],

        [[-0.9270,  3.3336, -2.7518, -2.3506]],

        [[-1.1404,  3.1792, -1.5320, -0.9147]],

        ...,

        [[ 0.0151,  2.9511, -2.1430,  5.5866]],

        [[-0.2098,  3.3741, -2.4273,  2.2338]],

        [[-0.4514,  3.4877, -2.3762,  0.3220]]], device='cuda:0')","tensor([[[-0.8909]],

        [[ 2.5205]],

        [[-0.2981]],

        ...,

        [[ 0.1032]],

        [[ 0.5413]],

        [[ 0.6075]]], device='cuda:0')"
867360,5678.519120772883,923808.9375,"tensor([[[ 2.3584,  2.6932, -0.0385, -2.8987]],

        [[ 2.4139,  2.5813,  1.1397,  0.6545]],

        [[ 2.5314,  2.7117,  1.2094,  1.9100]],

        ...,

        [[ 2.1862,  3.3037,  1.1462, -0.5407]],

        [[ 2.2951,  3.2204,  1.0371, -1.0858]],

        [[ 2.3537,  3.0031,  0.1488, -3.1431]]], device='cuda:0')","tensor([[[ 2.0231]],

        [[-0.1051]],

        [[-1.2221]],

        ...,

        [[-0.1294]],

        [[-1.6053]],

        [[-0.5482]]], device='cuda:0')"
874625,11250.705682164287,962514.0625,"tensor([[[-1.9381,  3.4995, -0.6675, -0.1206]],

        [[-1.9942,  3.4591, -0.4475, -0.5888]],

        [[-2.0615,  3.3170, -0.8954, -2.2000]],

        ...,

        [[-1.5502,  2.8388, -2.2812,  2.2652]],

        [[-1.7186,  3.2252, -1.2305,  4.0077]],

        [[-1.8430,  3.4604, -1.2151,  1.0988]]], device='cuda:0')","tensor([[[ 0.6120]],

        [[-0.6780]],

        [[ 0.0963]],

        ...,

        [[ 2.0278]],

        [[ 0.7000]],

        [[ 1.5338]]], device='cuda:0')"
881880,10557.966747747903,991929.4375,"tensor([[[ 0.2042,  3.1799,  0.9955,  1.3352]],

        [[ 0.2883,  3.2556,  0.6963,  0.2626]],

        [[ 0.3136,  3.1661, -0.1878, -2.0118]],

        ...,

        [[ 0.0741,  3.1294,  0.0708, -0.9117]],

        [[ 0.0843,  3.0501,  0.1369, -0.6356]],

        [[ 0.1215,  3.0531,  0.6073,  0.6928]]], device='cuda:0')","tensor([[[-0.4529]],

        [[-1.5415]],

        [[-2.0106]],

        ...,

        [[ 0.0907]],

        [[ 0.7941]],

        [[ 0.7566]]], device='cuda:0')"
889024,8223.053615384675,990826.3125,"tensor([[[ 9.1420,  2.4203,  2.3011,  1.6465]],

        [[ 9.3756,  2.6613,  2.3732,  3.1051]],

        [[ 9.6302,  3.0501,  2.7015,  4.5043]],

        ...,

        [[ 8.5955,  2.8552,  1.6171, -3.6302]],

        [[ 8.7548,  2.5319,  1.5797, -2.7028]],

        [[ 8.9307,  2.3668,  1.9291, -0.5807]]], device='cuda:0')","tensor([[[-0.1752]],

        [[ 0.3714]],

        [[-1.3397]],

        ...,

        [[-0.3733]],

        [[ 0.4051]],

        [[ 0.4913]]], device='cuda:0')"
